X,Y,Demand,Start Time,End Time
0,0,0,0,0
28,3,1,4,8
89,32,2,9,11
31,11,3,5,11
51,38,1,2,6
3,88,3,2,9
61,76,1,9,11
22,99,5,8,9
71,42,5,4,9
10,92,1,1,2
8,78,3,4,5
85,90,3,6,8
49,13,5,5,11
7,78,1,3,4
10,72,2,3,11
96,19,1,7,10
51,42,1,6,8
35,36,3,1,3
23,68,5,1,5
43,47,4,9,11
52,72,3,8,10
15,10,4,7,11
3,29,4,2,3
40,19,5,7,8
0,70,1,9,11
31,6,3,8,10
95,58,4,5,8
42,35,2,9,11
15,93,2,7,8
90,96,2,8,10
53,89,3,8,10
47,58,2,4,6
1,57,3,8,10
20,41,3,2,6
48,34,3,5,8
73,51,2,3,10
6,32,2,4,5
26,37,5,1,7
32,59,4,8,9
94,30,2,4,11
93,52,4,5,9
92,70,4,8,11
29,45,5,6,11
10,58,3,8,10
33,78,3,9,10
44,88,1,1,9
62,84,4,1,5
44,64,1,8,11
15,7,5,5,11
5,98,1,8,9
88,48,3,1,6
18,88,3,1,9
65,46,3,5,6
38,59,3,7,8
51,78,3,4,10
19,53,2,9,10
68,34,5,5,10
27,43,3,2,11
78,78,5,9,10
71,23,4,9,10
1,13,3,2,6
52,83,2,2,3
18,43,3,5,11
74,18,5,8,11
24,43,5,9,10
44,18,4,4,9
81,6,1,2,10
29,8,3,7,10
24,29,1,2,3
34,63,3,6,11
98,60,3,7,10
27,72,2,6,10
81,83,5,2,3
56,53,4,6,9
2,28,1,2,3
79,92,1,7,11
91,0,2,8,10
14,27,5,2,10
1,74,2,4,7
16,11,2,2,4
66,34,3,6,7
10,54,2,7,9
26,27,2,8,9
42,7,1,5,6
7,15,1,4,6
95,42,4,4,6
96,35,1,1,9
71,72,2,5,11
51,92,5,7,10
97,59,4,1,3
47,87,4,1,5
99,13,2,9,10
63,33,5,8,11
50,35,4,3,6
15,6,4,7,9
40,94,1,2,10
48,14,2,4,6
34,2,3,7,8
56,20,5,3,11
11,24,4,9,10
19,71,5,8,9
51,20,2,4,9
14,30,5,1,6
3,43,2,7,10
1,58,2,8,10
18,85,2,1,11
17,19,5,1,10
6,33,5,7,11
28,90,5,1,8
89,0,1,4,6
15,74,3,2,11
10,91,5,5,7
60,88,5,8,10
32,61,2,3,5
35,24,3,6,8
72,48,4,2,3
96,65,5,2,4
36,77,1,8,11
12,58,1,4,10
20,65,4,2,10
0,6,5,3,4
8,2,2,7,10
3,51,2,2,3
37,78,2,1,10
55,13,4,6,7
5,25,1,4,11
13,19,3,8,9
10,50,5,5,8
76,83,1,2,7
18,11,1,5,6
54,61,3,9,11
82,44,2,2,4
17,3,5,1,8
29,93,4,1,4
93,31,3,1,2
88,60,4,1,8
34,4,4,5,11
92,9,5,9,10
52,7,1,7,9
80,71,1,3,7
92,14,5,9,11
16,61,4,5,7
64,24,2,7,11
23,32,4,3,9
65,45,4,1,10
60,18,5,1,8
2,18,3,4,5
34,71,4,1,3
83,87,4,6,8
28,87,1,2,3
71,85,3,4,7
91,23,3,1,8
81,16,5,5,10
61,5,1,2,6
96,30,4,2,11
43,2,4,7,11
93,63,1,8,11
83,91,3,3,8
10,31,3,8,11
50,41,5,7,10
69,55,5,2,4
76,4,5,8,10
50,58,4,3,11
73,72,5,5,10
57,93,4,3,5
97,24,1,3,5
89,82,5,3,4
95,78,1,4,7
72,1,5,1,8
50,11,2,1,2
58,34,5,6,10
55,29,5,7,9
5,5,1,2,10
13,44,1,4,10
70,72,4,2,3
80,62,5,4,9
31,14,2,2,9
74,91,3,7,9
70,47,4,9,11
33,41,3,5,10
45,23,5,2,10
64,80,2,7,8
41,83,2,2,9
11,99,1,7,11
67,17,1,8,10
38,93,3,2,8
21,94,1,9,11
51,83,5,7,11
97,22,1,2,7
57,75,1,9,10
93,85,1,1,10
2,20,3,3,6
46,63,5,4,7
67,54,2,3,9
97,16,2,6,8
11,39,3,6,11
56,70,2,2,8
71,74,3,8,11
7,35,2,5,10
27,63,4,6,8
83,1,4,6,11
66,56,1,6,7
41,39,3,5,10
57,58,2,2,10
40,12,2,1,8
71,85,4,4,6
84,5,4,1,8
24,93,4,9,10
86,11,1,2,8
8,75,2,5,10
51,53,3,2,8
65,76,1,3,8
43,38,2,6,8
87,75,4,9,11
39,45,4,8,11
38,12,1,8,9
88,84,5,6,8
94,27,2,7,11
4,30,2,7,8
99,84,5,9,10
54,53,4,1,9
61,60,5,2,8
68,70,1,2,11
99,56,1,3,7
51,42,1,5,10
97,44,5,3,4
7,81,3,5,6
45,68,3,2,4
69,98,3,4,9
69,90,5,8,10
81,60,2,1,4
81,46,5,4,9
21,97,5,1,8
89,48,1,6,10
87,16,4,4,7
5,41,5,7,8
85,77,3,1,9
98,19,4,7,11
35,59,5,9,11
90,53,4,8,10
12,29,5,8,11
15,30,4,2,11
7,78,4,6,9
96,36,2,6,10
41,9,5,6,9
98,57,3,5,9
83,91,3,7,8
51,1,2,1,7
88,86,2,6,10
60,18,1,2,6
60,93,3,5,10
15,78,4,3,4
55,75,4,5,7
25,66,3,7,11
62,78,1,8,10
52,70,5,5,7
89,80,3,6,8
97,71,4,6,7
6,65,3,7,11
33,1,2,8,11
47,65,3,4,9
68,75,2,4,8
53,19,4,5,6
40,84,5,8,10
79,93,1,8,10
42,1,4,1,11
60,52,2,3,7
48,64,3,6,8
78,50,5,4,6
90,62,2,6,11
11,40,3,7,10
81,54,3,9,10
71,56,4,1,4
78,81,2,9,10
90,56,5,9,11
91,91,3,7,8
35,3,3,6,7
6,72,4,9,10
10,88,2,8,11
32,55,2,4,9
60,85,3,9,10
31,37,2,5,9
69,37,1,4,5
6,25,1,4,6
36,70,3,9,10
25,88,2,5,7
65,1,3,5,11
28,67,3,3,6
42,10,3,2,3
80,62,2,6,8
49,91,4,5,6
38,59,5,9,10
31,24,2,5,8
4,78,2,1,11
86,25,2,8,9
15,62,2,1,11
10,5,5,1,5
10,66,4,6,8
81,85,2,2,7
1,62,5,9,11
59,1,2,8,9
88,78,2,4,10
11,29,5,6,8
24,79,5,2,6
35,92,3,3,5
23,12,4,9,10
23,56,1,4,10
77,54,4,6,7
64,80,2,6,11
83,27,4,9,11
16,50,2,4,6
66,62,1,6,9
91,43,3,4,5
51,45,1,4,9
67,71,4,7,11
67,70,1,1,7
73,96,1,8,9
4,47,1,8,11
49,43,3,7,8
73,1,2,7,9
90,17,4,9,11
45,52,5,4,9
31,84,4,8,10
8,35,4,8,10
94,30,5,1,3
60,77,5,1,10
81,72,4,4,9
43,99,2,9,10
76,10,3,3,11
40,97,1,2,4
16,62,5,5,6
59,27,5,2,5
18,60,1,9,10
80,63,1,9,10
1,96,5,5,8
31,69,1,2,4
34,75,5,6,7
27,12,5,1,2
55,41,3,5,8
22,62,2,7,8
71,86,3,3,9
83,27,5,4,7
69,24,2,5,7
3,25,4,1,6
85,21,5,8,11
45,90,2,1,9
15,25,5,2,5
42,51,2,3,6
80,85,5,6,9
14,6,4,7,10
63,3,2,5,6
52,81,3,3,6
38,5,3,6,7
23,9,4,6,7
31,87,2,4,5
31,29,1,4,11
26,12,2,9,11
63,44,5,8,10
99,37,5,6,10
81,54,4,7,9
34,29,1,3,11
7,44,4,4,11
75,81,4,4,10
9,21,5,3,10
87,57,1,1,5
91,46,4,5,11
65,14,1,9,11
32,54,4,2,5
38,28,3,1,10
24,70,3,4,6
15,52,3,2,7
58,93,5,6,10
9,84,1,1,2
61,24,5,4,9
66,84,5,4,6
13,86,1,8,11
85,21,3,8,11
14,64,2,5,10
8,13,5,9,11
31,3,4,8,10
51,12,1,8,9
13,40,4,5,6
99,32,2,1,3
72,80,2,3,8
57,57,2,5,8
10,32,1,7,8
58,29,4,2,6
6,58,2,1,2
80,54,3,9,10
52,85,1,8,10
89,69,5,9,10
70,70,4,5,8
31,59,3,9,10
46,56,5,9,10
88,83,2,2,5
90,97,2,9,11
13,19,3,7,11
93,44,2,7,10
65,26,4,5,7
39,18,5,7,11
67,40,1,3,6
34,53,5,9,10
35,94,2,4,6
55,76,2,7,8
11,81,2,8,10
23,33,5,2,4
19,37,3,3,9
11,42,1,1,11
42,59,4,1,11
46,43,2,4,9
43,88,3,7,8
12,87,3,5,11
98,54,2,5,8
71,28,5,7,9
57,84,3,2,3
81,69,1,8,11
10,8,5,1,4
43,3,3,1,4
71,44,5,4,9
22,15,1,6,11
60,36,4,3,7
51,29,2,5,10
81,72,2,2,5
74,83,5,7,9
43,60,1,1,6
17,14,2,2,9
67,35,2,6,10
73,91,3,1,7
87,4,2,2,11
83,45,1,9,10
91,95,3,7,10
85,77,3,5,7
66,40,1,1,11
5,81,3,8,9
20,63,3,2,9
57,94,1,8,11
71,97,1,5,8
96,63,4,6,9
2,80,2,1,5
37,11,4,8,10
33,92,5,2,5
20,95,1,2,3
78,94,3,3,5
24,8,2,1,6
36,32,2,7,8
1,50,4,9,11
4,19,3,8,11
52,82,4,4,7
56,58,2,2,11
72,54,1,9,10
22,43,5,8,9
22,23,1,4,5
88,18,5,7,9
29,73,5,1,10
64,83,4,7,11
53,11,1,7,11
31,77,3,5,8
31,76,3,7,8
6,47,4,8,9
63,40,4,1,4
30,13,2,2,11
45,7,3,9,10
68,65,2,8,10
56,0,3,6,10
97,41,5,8,9
65,48,4,9,11
84,97,5,9,11
73,34,4,9,11
52,22,3,1,11
27,73,3,8,11
87,23,5,7,11
99,7,1,9,11
78,62,3,8,11
21,92,5,9,11
79,29,1,6,8
78,95,2,2,10
19,75,1,5,10
26,88,1,5,9
54,38,2,1,4
46,98,3,2,5
92,61,5,4,10
49,97,3,5,10
22,68,1,2,7
51,13,2,5,8
44,1,1,7,11
94,27,5,9,11
66,4,1,6,8
22,98,1,3,4
18,61,3,5,6
31,51,5,7,8
54,60,2,4,6
14,87,5,6,7
71,29,5,3,10
28,83,3,9,10
8,51,2,4,8
9,57,3,4,6
57,24,5,7,9
82,54,5,7,10
23,65,5,2,6
99,77,4,8,9
58,77,5,5,10
20,59,1,8,11
92,56,5,9,11
44,39,5,9,11
96,23,1,2,3
11,37,1,1,6
73,20,4,6,11
40,83,4,2,6
14,67,5,5,6
91,93,3,6,8
81,74,5,2,11
6,4,3,5,10
96,50,3,4,6
51,46,3,9,11
90,91,3,5,6
46,25,2,4,8
98,47,1,1,6
67,46,5,7,9
46,99,3,5,7
69,25,5,8,10
53,12,1,4,11
96,94,2,5,11
10,74,4,7,10
20,55,5,7,8
22,97,4,9,10
76,50,5,1,3
60,13,3,6,7
19,41,5,4,8
27,11,2,3,8
10,91,4,8,11
15,37,1,2,6
65,64,4,7,10
97,14,5,3,8
88,71,3,3,8
56,84,3,1,3
67,75,4,5,8
13,10,1,6,9
22,87,5,9,11
15,16,3,8,11
26,60,4,9,11
74,5,1,3,9
36,43,3,3,8
47,38,2,8,10
68,98,3,5,6
57,23,5,2,4
62,49,5,1,4
37,71,1,3,5
95,0,3,8,11
56,77,1,9,10
79,90,3,3,5
96,24,4,5,11
51,25,4,8,9
13,17,1,6,10
80,78,5,5,7
22,49,2,8,9
83,53,5,8,9
42,16,2,5,9
46,93,4,1,10
64,92,2,7,9
46,47,3,9,10
47,92,2,3,11
91,31,1,7,9
11,58,2,2,4
64,47,3,8,11
0,20,4,8,9
76,47,1,4,10
57,77,2,1,9
3,72,4,2,8
2,46,3,8,11
49,46,5,9,11
51,12,5,5,9
59,30,4,4,10
44,65,2,7,10
36,97,4,2,7
14,95,2,1,11
3,70,4,5,6
9,88,2,8,10
38,68,1,9,10
73,97,1,6,9
57,95,5,7,9
52,54,5,9,11
22,6,3,7,10
21,80,3,9,11
88,43,1,2,6
62,72,2,5,11
88,84,3,9,10
85,89,5,2,7
55,92,1,6,9
71,2,2,1,3
25,88,2,9,10
15,51,4,3,6
63,49,5,6,10
98,62,5,1,8
43,38,4,1,8
30,75,5,5,6
62,12,4,8,11
48,69,1,6,7
79,18,2,2,7
73,61,4,4,5
35,29,2,3,5
84,48,5,1,5
68,95,4,9,11
33,34,5,8,11
86,63,4,2,6
39,44,5,9,10
83,84,1,8,9
64,33,1,9,11
32,44,5,4,11
80,75,3,3,9
14,20,3,3,6
2,26,1,2,6
2,74,4,2,10
67,55,4,9,10
71,19,2,5,9
93,8,4,1,10
91,20,1,4,9
70,47,3,2,9
27,32,3,5,8
43,25,3,1,11
15,13,5,3,4
61,84,5,4,5
83,73,3,2,6
51,7,3,3,7
20,48,5,5,10
70,23,2,5,7
93,40,5,5,6
88,18,3,3,8
88,97,2,9,10
81,73,1,2,3
29,39,3,4,5
70,36,4,5,10
17,25,4,2,4
15,47,5,7,9
82,3,2,8,11
52,82,4,5,8
74,2,2,1,6
73,0,2,7,9
16,90,2,8,11
82,47,4,5,11
50,20,2,6,9
40,29,5,6,9
21,45,3,9,11
56,21,3,9,10
10,94,2,8,11
82,33,1,6,7
75,15,1,1,2
75,14,3,6,7
68,52,2,7,8
84,62,2,5,7
47,9,2,3,9
31,84,5,3,11
88,98,5,2,9
11,46,3,6,10
44,78,4,1,3
50,97,3,3,8
14,89,5,7,11
0,87,3,9,10
61,12,3,5,6
22,21,4,5,11
61,67,5,9,11
1,44,1,8,10
46,0,3,5,8
77,74,2,6,9
46,10,3,8,9
51,63,1,6,11
40,20,2,2,6
52,5,2,3,11
75,82,5,4,11
41,34,5,1,10
90,7,3,6,10
36,11,5,7,10
10,27,3,5,6
29,96,1,2,7
83,88,1,4,9
51,84,5,5,8
77,76,5,8,11
99,85,2,8,10
57,51,3,5,10
84,42,4,3,8
0,64,2,2,11
36,55,2,2,9
19,95,2,2,10
88,40,4,1,5
52,57,5,4,8
13,75,5,6,10
26,92,5,1,11
45,82,1,8,9
80,70,5,7,8
20,17,4,4,6
73,92,1,7,9
30,23,5,3,4
26,58,4,5,9
27,1,1,4,10
0,35,1,7,9
19,84,2,5,6
28,15,5,7,9
27,88,4,8,10
66,58,2,5,11
93,42,5,1,8
90,56,4,5,6
78,55,1,9,10
44,74,1,2,9
39,78,1,2,9
13,46,2,1,10
9,98,1,4,11
29,15,5,5,9
53,9,4,6,10
4,2,2,9,11
87,21,1,3,11
16,91,2,9,11
33,30,3,6,7
94,90,3,3,9
72,61,5,8,9
68,16,4,4,11
67,82,2,3,11
79,96,2,9,11
26,83,3,5,8
13,86,1,4,6
68,53,5,2,3
80,20,5,8,10
90,22,3,1,4
25,70,3,1,5
28,17,2,8,11
45,10,1,3,4
81,30,5,3,8
8,71,4,6,10
16,21,2,4,9
47,3,1,3,9
48,48,5,4,5
83,74,4,4,8
84,56,5,7,10
11,87,1,6,8
16,37,2,3,9
16,76,1,3,4
51,77,2,7,8
78,36,5,5,11
46,81,5,3,6
64,28,3,5,8
2,60,3,8,10
53,93,1,2,11
4,70,3,6,10
46,94,2,6,8
87,1,1,1,7
5,19,4,2,11
89,0,3,2,7
31,53,4,6,8
63,89,5,5,6
44,15,3,2,10
76,47,1,5,8
42,36,1,9,10
25,31,1,5,7
88,23,1,7,9
55,8,5,3,11
95,23,5,4,10
3,50,1,8,11
59,57,3,1,9
16,5,3,4,8
70,23,3,5,9
67,76,4,3,9
77,47,5,9,11
47,19,2,7,10
57,94,2,8,9
85,79,4,3,11
41,39,4,4,5
48,82,4,5,11
90,29,5,7,10
27,11,4,5,7
65,0,2,2,7
87,84,4,9,11
44,37,5,9,11
85,45,4,8,11
90,76,3,2,9
99,92,5,7,8
8,93,1,2,6
69,81,1,2,7
59,46,2,9,10
31,54,4,1,11
69,26,4,3,9
34,54,1,8,9
73,28,2,1,5
92,57,5,6,11
51,22,2,2,5
65,8,2,3,7
82,48,2,7,9
60,3,4,4,11
99,57,2,6,8
32,47,4,2,3
19,51,2,7,11
18,17,2,9,11
5,42,5,3,10
27,91,5,1,7
20,13,5,7,8
16,48,4,5,11
36,65,1,7,11
51,98,5,4,6
58,54,1,2,10
81,49,1,2,5
83,40,5,5,9
7,7,2,8,10
93,43,1,9,11
91,18,4,5,6
44,23,3,4,9
96,5,3,3,10
95,72,3,1,5
83,86,2,2,6
91,24,5,1,10
32,41,5,2,9
40,11,1,6,9
8,17,3,1,10
41,32,5,4,8
56,32,5,5,7
5,26,2,5,9
94,71,3,6,10
75,58,5,8,9
6,95,3,6,10
91,57,2,6,9
49,57,4,8,9
34,58,5,1,3
93,59,2,6,11
85,64,3,3,11
60,6,5,6,11
43,79,3,5,9
69,0,5,3,6
69,45,5,8,10
80,91,1,6,11
2,94,4,1,9
22,3,4,3,11
56,95,5,1,6
63,25,5,9,11
41,47,4,9,10
33,95,3,3,5
12,31,5,9,11
17,45,4,4,9
25,7,1,6,8
73,65,5,6,7
20,50,2,8,11
37,95,4,8,11
54,66,5,9,10
37,98,5,6,10
43,8,1,5,7
58,94,5,5,6
98,4,3,3,6
26,40,5,5,7
79,80,2,8,10
83,40,5,6,8
88,35,3,4,9
69,89,5,8,9
55,13,5,9,11
85,4,4,7,11
80,31,4,1,3
22,76,2,5,11
63,83,4,2,6
26,67,4,3,5
1,71,1,8,11
98,68,5,9,11
50,66,2,4,8
34,45,4,4,7
7,69,5,8,11
35,61,3,5,11
85,38,5,7,9
66,5,5,2,3
41,2,5,3,8
99,70,4,5,6
64,19,5,4,8
97,39,3,4,10
66,43,5,5,11
7,13,5,4,11
7,58,5,6,10
38,58,4,3,7
49,31,1,1,5
98,26,1,9,11
1,55,5,1,2
35,49,3,2,3
84,93,2,1,7
97,7,5,8,11
7,90,5,2,5
90,91,4,4,6
2,40,3,1,11
40,44,4,4,5
25,64,2,9,11
13,83,4,8,11
82,18,5,6,10
60,23,1,2,10
87,17,4,6,8
94,86,5,1,8
79,20,4,6,10
16,58,2,8,11
62,49,2,1,6
75,96,1,5,9
49,76,4,3,8
38,23,1,3,8
1,19,5,5,7
3,7,2,9,11
2,86,5,2,9
83,8,1,5,11
9,26,4,4,5
11,88,2,3,6
84,52,5,9,11
71,24,5,3,4
55,74,4,2,3
6,93,5,3,10
60,25,4,6,9
92,72,5,6,7
68,50,5,8,10
95,93,1,9,10
7,10,5,2,8
72,60,2,1,2
54,74,4,5,11
80,43,4,8,9
43,42,2,2,10
68,81,4,8,10
31,40,1,1,2
68,32,4,5,8
66,66,2,1,11
55,87,2,6,9
98,19,2,5,10
83,23,5,9,10
31,15,2,6,11
53,28,3,3,7
28,83,3,7,9
41,82,4,6,11
13,82,3,4,10
95,25,1,1,3
90,0,3,5,7
61,33,5,6,8
49,38,4,8,10
34,82,2,5,7
2,61,3,2,5
46,11,5,7,10
15,69,2,2,3
87,27,4,8,9
77,81,3,8,10
29,58,5,8,11
33,94,4,1,2
40,53,4,7,11
13,99,1,2,11
64,18,5,6,11
83,86,3,8,10
65,19,4,5,9
43,56,2,7,9
90,37,1,1,9
17,83,5,5,10
52,76,2,8,10
88,27,2,4,9
71,98,5,9,10
41,99,3,8,10
99,4,4,8,9
1,11,3,6,8
41,64,3,9,11
9,48,2,8,10
18,17,4,8,9
62,93,5,8,9
13,45,1,3,4
73,71,3,3,9
81,69,2,3,8
13,13,2,4,10
67,95,5,4,9
3,30,4,3,10
78,28,5,6,8
16,66,2,5,7
69,88,3,3,9
62,70,3,1,9
92,30,3,6,10
51,56,5,4,11
14,59,3,3,7
92,23,2,5,7
22,8,1,8,11
38,97,5,7,8
25,79,5,8,11
51,82,5,7,9
80,24,2,3,5
23,86,1,8,10
63,87,3,9,10
19,70,4,7,10
99,69,5,7,11
66,8,4,8,11
1,70,1,2,7
85,61,3,8,11
75,44,3,8,9
99,28,3,7,11
15,83,3,5,8
24,98,4,3,8
11,30,3,1,9
2,47,1,1,3
64,17,2,5,6
73,70,4,1,4
50,54,3,4,9
39,59,2,7,9
78,60,5,4,8
60,74,3,2,9
22,81,5,6,7
77,67,1,8,9
58,46,3,1,7
30,35,1,7,10
21,60,3,9,11
85,97,4,9,10
75,26,5,3,4
6,83,2,1,3
38,58,4,7,11
66,58,3,8,9
48,38,5,8,9
